"transaction_date","description","credit_amount","debit_amount","reference_number"
"2026-08-03","NEFT RAZORPAY SETL setl_zXM8BG4css5O18","3023.44","","CMS70639238"
"2026-08-02","NEFT RAZORPAY SETL setl_yMS7cpll8uz6Yz","5272.09","","CMS16369677"
"2026-08-03","NEFT RAZORPAY SETL setl_rmDF3CxHChlJhJ","11222.03","","CMS33134730"
"2026-08-05","NEFT RAZORPAY SETL setl_kGYFQmDDSenf2h","12658.76","",""
"2026-08-04","NEFT RAZORPAY SETL setl_zqRMDS6AqFvuL0","8099.26","","CMS50442288"
"2026-08-06","NEFT RAZORPAY SETL setl_LAIjXrRWHC0Ep2","12189.40","",""
"2026-08-05","NEFT RAZORPAY SETL setl_S7UtZXnuia6rt6","9983.48","","CMS54130773"
"2026-08-05","NEFT RAZORPAY SETL setl_dGkAQlw6eSz8Bg","5859.80","","CMS75342255"
"2026-08-06","NEFT RAZORPAY SETL setl_JHo1SmpW9LluMx","10886.46","","CMS59805139"
"2026-08-08","NEFT RAZORPAY SETL setl_66WLOv9zakM1iK","9366.81","",""
"2026-08-08","NEFT RAZORPAY SETL setl_9mmyUEzzZUZmfc","6532.82","","CMS90027991"
"2026-08-06","NEFT RAZORPAY SETL setl_jQpFRW3rcVcUuH","10460.66","","CMS38144239"
"2026-08-07","NEFT RAZORPAY SETL setl_lgPI4VqPb66r3J","7896.80","",""
"2026-08-07","NEFT RAZORPAY SETL setl_WswP41tCu8GHIv","1395.49","",""
"2026-08-08","NEFT RAZORPAY SETL setl_Mpci3bLBrBabBO","4837.43","","CMS76339524"
"2026-08-08","NEFT RAZORPAY SETL setl_re09cgVN9EscpG","7493.04","","CMS12685737"
"2026-08-12","NEFT RAZORPAY SETL setl_NGDiZsCANC4Hz1","2149.73","","CMS75364542"
"2026-08-12","NEFT RAZORPAY SETL setl_C6hFmPCyua9C0Q","10871.40","","CMS99731098"
"2026-08-12","NEFT RAZORPAY SETL setl_KJjkuYGRlpD2Xl","9956.01","",""
"2026-08-11","NEFT RAZORPAY SETL setl_kmmdYhAybQxkJi","2783.17","","CMS25283559"
"2026-08-13","NEFT RAZORPAY SETL setl_SCpJnVMiekuQEV","2922.62","","CMS61376609"
"2026-08-15","NEFT RAZORPAY SETL setl_b2DLi29Ko2yeUC","10528.50","",""
"2026-08-13","NEFT RAZORPAY SETL setl_NaSUa7EalRbDKO","2419.10","","CMS59533364"
"2026-08-14","NEFT RAZORPAY SETL setl_p0Ou7E4zjPFXxw","4554.08","","CMS67198871"
"2026-08-13","NEFT RAZORPAY SETL setl_BdtkdSsZfL0i8T","809.99","","CMS31861299"
"2026-08-14","NEFT RAZORPAY SETL setl_IAygxvI8CmFnuN","10663.68","",""
"2026-08-13","NEFT RAZORPAY SETL setl_pf13qNGNiAjDBv","11378.40","","CMS91969220"
"2026-08-14","NEFT RAZORPAY SETL setl_Mta7tgQPfBm4tb","3879.49","","CMS51397758"
"2026-08-17","NEFT RAZORPAY SETL setl_YcYYvIqHMRvoDS","3460.32","","CMS14580476"
"2026-08-17","NEFT RAZORPAY SETL setl_pJTJAVCy9GK7vQ","6741.42","","CMS91401297"
"2026-08-18","NEFT RAZORPAY SETL setl_yZzx1nRu7vexRL","6497.23","",""
"2026-08-17","NEFT RAZORPAY SETL setl_oGp7g7mUVL3Nhs","10953.04","",""
"2026-08-19","NEFT RAZORPAY SETL setl_mXI2qnwqoT2Ktr","13437.02","",""
"2026-08-16","NEFT RAZORPAY SETL setl_1VaYwgjppUTlLP","9957.40","",""
"2026-08-20","NEFT RAZORPAY SETL setl_K2kE7PzuJKRGLV","12422.93","","CMS22503769"
"2026-08-19","NEFT RAZORPAY SETL setl_tj4FMFDQwUkPa8","13170.25","","CMS34441049"
"2026-08-22","NEFT RAZORPAY SETL setl_UfLXNVYlxlKwmW","2164.76","",""
"2026-08-21","NEFT RAZORPAY SETL setl_J0DQ2wnkpKl8Zn","11757.24","","CMS44164576"
"2026-08-19","NEFT RAZORPAY SETL setl_chdlNlrgTjCimN","13627.20","",""
"2026-08-20","NEFT RAZORPAY SETL setl_ndFtqdKwEI3XBF","1935.86","","CMS41983445"